bnd_id,municipality,electricity demand (MWh/a_2017),VOLL (€/kWh),population,pop_employed,gross_wage(€/month),working_hours(h/a),net_wage(€/h),Total_Income(k€),Total_Tax_Collected(k€),SSC
01001,Flensburg,137067.442377618,10.854886430506324,88519,59876.0,2758.948275862069,1618,12.825444776572393,1445809.0,243191.0,0.205
01002,Kiel,383927.889667006,12.45208600963785,247943,171753.0,3148.8565107458912,1624,14.599001933125336,4214726.0,706202.0,0.205
01003,Lübeck,334958.08809681,10.990553183732846,216318,128247.00000000001,3022.3669250645994,1642,13.772636204710865,3782120.0,648496.0,0.205
01004,Neumünster,122846.45715641,10.952686750809272,79335,52372.0,2800.8776435045315,1647,13.190249890478139,1218502.0,181124.0,0.205
01051,Dithmarschen,206636.303877879,9.981738580511843,133447,60566.0,2971.936525612472,1647,13.726523670400047,2414814.0,388982.0,0.205
01053,Herzogtum Lauenburg,303611.22128299,9.586865744895917,196074,69804.0,3189.8274853801167,1638,14.093887453688756,4518585.0,867073.0,0.205
01054,Nordfriesland,256210.001815264,9.348073311049225,165462,90383.0,2759.310888252149,1690,12.257164988266723,3401805.0,576275.0,0.205
01055,Ostholstein,310594.740811262,9.673791006536588,200584,90683.0,2879.374269005848,1632,13.255019967422783,3910521.0,660614.0,0.205
01056,Pinneberg,484142.169123812,10.344324955181124,312662,129530.0,3301.296178343949,1655,14.661071012521464,7137398.0,1302657.0,0.205
01057,Plön,199505.681388369,10.110213424986004,128842,43888.0,3157.2622950819673,1596,14.833210127412324,2548888.0,433692.0,0.205
01058,Rendsburg-Eckernförde,422761.522981755,10.363903334341071,273022,118837.0,3139.285310734463,1633,14.371741084266244,5659851.0,973531.0,0.205
01059,Schleswig-Flensburg,308920.863957589,9.562551707317397,199503,83435.0,2906.9673157162724,1642,13.458850644588267,3648686.0,589193.0,0.205
01060,Segeberg,424314.620561989,10.554943365807008,274025,125135.0,3242.931640625,1667,14.581032088489414,5744422.0,978826.0,0.205
01061,Steinburg,203796.442499863,10.069965609969985,131613,56376.0,3058.8333333333335,1651,14.113405846054045,2437956.0,390543.0,0.205
01062,Stormarn,375456.30755189,11.00290994216309,242472,115558.0,3457.6525885558585,1665,14.985002487314357,5907316.0,1144106.0,0.205
02000,Hamburg,2834571.86521977,11.84282073738052,1830584,1254871.0,3430.2643442622953,1685,14.222042617995916,44323176.0,9433110.0,0.205
03101,Braunschweig,384051.765844891,13.795498398124042,248023,166570.0,3681.7606473594547,1633,16.42576477598774,5548262.0,1042404.0,0.205
03102,Salzgitter,161887.583069117,12.552888685039196,104548,57303.0,3542.794520547945,1672,16.343281491376654,1639193.0,249552.0,0.205
03103,Wolfsburg,191874.908830648,18.31220965923412,123914,130526.00000000001,4310.339357429719,1711,18.20614370702887,2949560.0,568534.0,0.205
03151,Gifhorn,271101.466849275,12.45613336147874,175079,58408.0,4025.282608695652,1610,18.453334655590773,3911477.0,703800.0,0.205
03153,Goslar,213009.733230066,10.504332058947424,137563,62199.0,3029.4921465968587,1621,14.341810478133644,2262113.0,351774.0,0.205
03154,Helmstedt,142024.037945244,11.513484285137991,91720,30114.0,3699.897590361446,1619,17.173987531574337,1848789.0,311985.0,0.205
03155,Northeim,206015.37453623,10.645688039008737,133046,61861.0,3049.575785582255,1627,14.435432861988648,2326094.0,356368.0,0.205
03157,Peine,206513.976152217,11.085643272862804,133368,45450.0,3454.011530398323,1606,16.31427543352154,2578192.0,419903.0,0.205
03158,Wolfenbüttel,186490.940449318,11.150558750514895,120437,37050.0,3568.0833333333335,1588,16.72996639611937,2499344.0,436180.0,0.205
03159,Göttingen,507948.073608877,11.656831051565334,328036,175799.0,3221.0074487895718,1613,15.008929726182178,6042277.0,1019082.0,0.205
03241,Region Hannover,1784862.16679606,11.959224730426039,1152675,680548.0,3368.2492649024325,1647,15.033876958466548,24028685.0,4382760.0,0.205
03251,Diepholz,334484.261716399,10.514390509391284,216012,101206.0,3055.0221843003415,1623,14.204601709877481,4397660.0,730640.0,0.205
03252,Hameln-Pyrmont,229629.270945573,10.97223778808601,148296,71169.0,3132.596474953618,1626,14.723186221129017,2657610.0,420303.0,0.205
03254,Hildesheim,428363.823126607,10.924196905473105,276640,127087.0,3166.0812701829923,1614,14.807830501823402,5163167.0,856779.0,0.205
03255,Holzminden,110163.084993202,10.58879064418101,71144,30732.0,3084.0069444444443,1627,14.689074951474604,1140406.0,170170.0,0.205
03256,Nienburg (Weser),188090.491596259,10.190954477409022,121470,56452.0,2964.5,1645,13.901137812770871,2113903.0,321712.0,0.205
03257,Schaumburg,244474.282412877,10.594829773141921,157883,64638.99999999999,3158.0191570881225,1615,14.875441435049868,2914960.0,469491.0,0.205
03351,Celle,276807.513293106,10.665452250865368,178764,81279.0,3138.996376811594,1635,14.60197445064349,3244745.0,523029.0,0.205
03352,Cuxhaven,306748.38548793,10.206635018925182,198100,72918.0,3132.2238912732473,1613,14.753836708775943,3733147.0,604217.0,0.205
03353,Harburg,389452.76720068,10.605722629334027,251511,95981.0,3444.8426042983565,1637,15.297808828779527,6274094.0,1187076.0,0.205
03354,Lüchow-Dannenberg,74878.5041748603,10.012410836999043,48357,21022.0,2868.235042735043,1617,13.818504133595436,751647.0,109594.0,0.205
03355,Lüneburg,283258.365256472,10.591278477439175,182930,83314.0,3162.6684867394697,1627,14.455568719278348,3741767.0,655898.0,0.205
03356,Osterholz,175137.68874615,10.489321896763597,113105,39473.0,3270.44750656168,1602,15.323244095849033,2377377.0,402974.0,0.205
03357,Rotenburg (Wümme),252981.478929134,10.376456140785857,163377,81750.0,3010.2779369627506,1654,13.85822531352089,3162949.0,507544.0,0.205
03358,Heidekreis,215388.15584546,10.487246135314024,139099,71225.0,2993.516194331984,1646,13.86222236842002,2519091.0,402590.0,0.205
03359,Stade,312612.374058565,11.317047533083704,201887,89388.0,3378.2258566978194,1618,15.537037134662043,4347510.0,760286.0,0.205
03360,Uelzen,143609.653022174,9.95199315725931,92744,41712.0,2900.5771604938273,1642,13.702245055316729,1566124.0,232731.0,0.205
03361,Verden,211503.089216539,10.722272890034642,136590,63395.0,3207.1731141199225,1635,14.584977086561715,2905576.0,509603.0,0.205
03401,Delmenhorst,120037.564822866,10.96601458262497,77521,33622.0,2905.2669491525426,1535,14.758385124519789,1198219.0,173981.0,0.205
03402,Emden,78362.5216778782,13.49543660096391,50607,42691.0,3168.15625,1660,14.69697079736748,810595.0,124245.0,0.205
03403,Oldenburg (Oldb),258716.945965214,12.271482955614333,167081,116315.0,3133.7831325301204,1608,14.28478410461633,3555736.0,654914.0,0.205
03404,Osnabrück,254525.285796027,13.038233203174336,164374,127545.0,3120.883912248629,1592,14.421928440431785,3298880.0,600177.0,0.205
03405,Wilhelmshaven,118171.679893472,10.770097056715496,76316,45602.0,2883.319383259912,1650,13.491633488424645,1179258.0,178787.0,0.205
03451,Ammerland,191043.389986594,9.925372972897453,123377,60251.0,2963.57847082495,1659,13.384557474497122,2470943.0,421579.0,0.205
03452,Aurich,294126.951413664,10.37273693186566,189949,85533.0,2964.8798449612405,1621,14.180251190626782,3205864.0,477454.0,0.205
03453,Cloppenburg,260023.839641901,9.562458072987793,167925,91650.0,2677.8224043715845,1659,12.41606329581178,2954944.0,455021.0,0.205
03454,Emsland,501134.883825198,10.86703794506319,323636,187580.0,2941.2720344599074,1636,13.705681959897353,6008405.0,959642.0,0.205
03455,Friesland,152536.480091017,10.497667210990778,98509,42530.0,3063.8503401360545,1621,14.537049441455123,1787692.0,275430.0,0.205
03456,Grafschaft Bentheim,210371.170641114,10.744799495658647,135859,70736.0,2926.3037225042303,1611,13.964510985454144,2328839.0,359457.0,0.205
03457,Leer,261604.80936216,10.343260721241627,168946,71427.0,2920.28550295858,1590,14.271779915442346,2708799.0,399431.0,0.205
03458,Oldenburg,201181.106694265,9.524014758298952,129924,51490.0,2965.7131782945735,1639,13.601756422310478,2717641.0,458148.0,0.205
03459,Osnabrück,551465.774899906,10.289996018214064,356140,171657.0,2997.61137581894,1638,13.841577599256837,7029904.0,1157870.0,0.205
03460,Vechta,217619.475499615,10.964457902889256,140540,95708.0,2888.629973474801,1655,13.074295455219447,2939882.0,502050.0,0.205
03461,Wesermarsch,137846.31384607,11.110090227191968,89022,39771.0,3327.254385964912,1657,15.402924380883459,1570283.0,244600.0,0.205
03462,Wittmund,87845.2430949811,9.47405865130653,56731,24351.0,2815.6673640167364,1653,13.27854138431228,953025.0,138549.0,0.205
04011,Bremen,879530.153697411,12.098967727776143,568006,364108.0,3199.4827373612825,1618,14.603674040802435,10399801.0,1867478.0,0.205
04012,Bremerhaven,175015.361020488,10.902892684069064,113026,62736.0,2872.722222222222,1613,13.865360244782893,1547444.0,226283.0,0.205
05111,Düsseldorf,955828.588561279,14.280047648460288,617280,534147.0,3778.947752126367,1669,15.415120490246023,16752965.0,3813811.0,0.205
05112,Duisburg,771299.537079216,11.345409533749383,498110,231125.0,3249.1748064324,1628,15.399227400843602,7223974.0,1098172.0,0.205
05113,Essen,903356.188061383,12.240632845934897,583393,331204.0,3400.3112659698027,1611,15.43100180805493,10915140.0,2027576.0,0.205
05114,Krefeld,351032.570629622,11.368385655172792,226699,122408.0,3236.1500691562933,1625,14.655243970988193,4398534.0,799440.0,0.205
05116,Mönchengladbach,405985.591591668,10.957641458707313,262188,136656.0,3062.1847826086955,1609,14.226844375086719,4630154.0,796626.0,0.205
05117,Mülheim an der Ruhr,265195.670068603,11.69328419804773,171265,81475.0,3524.7537313432836,1615,15.679947586358303,3634046.0,713374.0,0.205
05119,Oberhausen,327376.866010243,11.831161934494366,211422,91690.0,3275.434036939314,1567,16.083418171928038,3344021.0,514292.0,0.205
05120,Remscheid,171234.040690546,11.726662982063434,110584,60146.0,3251.288288288288,1621,15.059261500907263,2071900.0,350821.0,0.205
05122,Solingen,245898.858458555,10.655047810261278,158803,73137.0,3183.13201320132,1631,14.510341901062903,3170952.0,556256.0,0.205
05124,Wuppertal,547517.221729819,11.4555420103807,353590,174818.0,3258.3904333605888,1608,15.135247073988886,6375889.0,1100281.0,0.205
05154,Kleve,481986.723628611,10.831646975691365,311270,147186.0,3058.7024029574864,1600,14.483424289486258,5544154.0,907280.0,0.205
05158,Mettmann,751632.645387736,11.755410477626139,485409,252007.0,3492.451219512195,1640,15.435804281182346,11261738.0,2150607.0,0.205
05162,Rhein-Kreis Neuss,695886.816887227,11.429051050238916,449408,203651.0,3571.5335621662853,1633,15.65369132706292,10823832.0,2149177.0,0.205
05166,Viersen,462573.778101796,11.027038693393754,298733,130217.00000000001,3290.3507462686566,1607,15.157943666754822,6163179.0,1097505.0,0.205
05170,Wesel,713319.292020105,11.92504057938591,460666,199996.0,3362.562706270627,1561,16.175266321113398,8929972.0,1511374.0,0.205
05314,Bonn,504005.714247685,14.315750365224181,325490,247944.0,3711.785166240409,1628,16.146906354099148,7877469.0,1613515.0,0.205
05315,Köln,1672938.49162467,13.232162201459744,1080394,765748.0,3578.8653846153848,1637,15.432087180279243,25275897.0,5226312.0,0.205
05316,Leverkusen,253291.169373847,11.916957222323992,163577,81207.0,3518.0925925925926,1638,15.875270725839062,3358526.0,601339.0,0.205
05334,Städteregion Aachen,857947.826605383,12.344878048342942,554068,302100.0,3357.0759312320915,1586,15.66386949674604,10397367.0,1854059.0,0.205
05358,Düren,407071.056600386,11.836068147484337,262889,120958.0,3293.681818181818,1576,15.843724531848098,4918538.0,802913.0,0.205
05362,Rhein-Erft-Kreis,723450.814918881,11.45239704013778,467209,198519.0,3472.4470827679784,1618,15.919913104223678,10098906.0,1785870.0,0.205
05366,Euskirchen,297499.480356585,10.992818158626013,192127,84299.0,3238.2027027027025,1621,15.148350047758731,3736867.0,609403.0,0.205
05370,Heinsberg,391922.548497264,10.871395022886535,253106,105367.0,3115.903761061947,1577,15.007345984872092,4561913.0,739252.0,0.205
05374,Oberbergischer Kreis,422677.906561682,11.576142821191874,272968,144071.0,3258.968085106383,1628,15.056358346463947,5406951.0,909574.0,0.205
05378,Rheinisch-Bergischer Kreis,438744.646833377,11.556050849648619,283344,112994.0,3607.090909090909,1591,16.22384780739205,7122015.0,1414940.0,0.205
05382,Rhein-Sieg-Kreis,927609.595239058,11.299936111056772,599056,241619.0,3403.5641025641025,1587,15.792866109418336,13629042.0,2471589.0,0.205
05512,Bottrop,181732.546766307,11.3862926044158,117364,48031.0,3335.357482185273,1590,15.861830482091637,2063953.0,340294.0,0.205
05513,Gelsenkirchen,403069.856054698,10.941417995112088,260305,114260.0,3078.0600505689,1590,14.927509766836302,3515697.0,535868.0,0.205
05515,Münster,485531.130768348,13.603800737169607,313559,228305.0,3454.684901531729,1603,15.518182489034842,7108043.0,1385740.0,0.205
05554,Borken,572490.659191451,11.805746125317802,369718,209818.0,3161.9804025423728,1608,14.870545445469206,7222454.0,1190322.0,0.205
05558,Coesfeld,339668.47976089,11.393214179398992,219360,99481.0,3277.3705463182896,1596,15.417525567573962,4784507.0,810192.0,0.205
05562,Recklinghausen,955122.494347334,11.27656134381215,616824,243961.0,3278.177736202058,1573,15.778578776769336,10877233.0,1784601.0,0.205
05566,Steinfurt,691484.567215636,11.18019172322584,446565,223519.0,3077.7137404580153,1596,14.655135069073193,8653614.0,1399242.0,0.205
05570,Warendorf,429630.457045482,11.262293478463228,277458,132197.0,3199.2591537835638,1604,15.041657538855674,5610196.0,934389.0,0.205
05711,Bielefeld,514940.88385049,12.088559989403064,332552,208638.0,3257.221470019342,1602,14.638540925794596,6866965.0,1339243.0,0.205
05754,Gütersloh,562164.031312506,11.53368353099415,363049,225625.0,3133.276686313032,1638,14.179958800351107,7772497.0,1377718.0,0.205
05758,Herford,389496.12386294,10.882003457820717,251539,126249.0,3098.2443609022557,1629,14.402118601949164,4751258.0,779060.0,0.205
05762,Höxter,219206.639028767,10.706054338336221,141565,64464.0,3039.471684053651,1610,14.533735031268897,2562688.0,393270.0,0.205
05766,Lippe,540516.669227088,10.95495222760159,349069,159425.0,3174.5605427974947,1612,14.867342402096243,6461094.0,1071766.0,0.205
05770,Minden-Lübbecke,481889.171138527,11.021747608466917,311207,169657.0,3064.5319071791155,1626,14.165110953383634,5954773.0,1004461.0,0.205
05774,Paderborn,472838.467891798,11.455670483676611,305362,164047.0,3143.6202370872143,1597,14.66247112589582,6076639.0,1058993.0,0.205
05911,Bochum,566004.192826944,12.078056247177512,365529,185436.0,3376.168449197861,1592,15.740869032063252,6685815.0,1179792.0,0.205
05913,Dortmund,908322.074342351,11.64298625341288,586600,321786.0,3224.3172920065253,1616,14.882923495021743,10228298.0,1773593.0,0.205
05914,Hagen,290690.935929576,11.61501990458288,187730,98212.0,3195.6430722891564,1617,15.099645281129712,3080675.0,487660.0,0.205
05915,Hamm,277459.411679226,10.941234227441141,179185,82007.0,3025.5801282051284,1588,14.726221043346623,2786390.0,420472.0,0.205
05916,Herne,242317.288465453,10.632605378433624,156490,60750.0,3113.690476190476,1598,15.074660862945098,2280870.0,342781.0,0.205
05954,Ennepe-Ruhr-Kreis,502735.983424362,11.464720975414968,324670,147424.0,3396.175902602855,1610,15.577488016044368,6887891.0,1237120.0,0.205
05958,Hochsauerlandkreis,405061.1656142,11.853585090166215,261591,148943.0,3190.8986981285598,1613,14.936864348300125,5226363.0,866449.0,0.205
05962,Märkischer Kreis,640103.825533352,11.555171122433071,413383,217509.0,3270.242547425474,1626,15.035448946514226,8325889.0,1432200.0,0.205
05966,Olpe,208743.747354149,12.44955236413343,134808,78133.0,3386.885459533608,1622,15.631329925994843,3265001.0,558876.0,0.205
05970,Siegen-Wittgenstein,430434.103749512,12.557076797195762,277977,158143.0,3394.429450369155,1610,15.812905178826457,5561041.0,945301.0,0.205
05974,Soest,467157.196683544,11.390582000761794,301693,154661.0,3199.6652754590987,1611,14.882232881134573,6029300.0,1028469.0,0.205
05978,Unna,609987.978237265,11.111839507094647,393934,178490.0,3196.159221902017,1607,15.093725725327404,7227293.0,1175044.0,0.205
06411,Darmstadt,245048.758187819,15.36349790684822,158254,135195.0,3859.164021164021,1649,16.575590808454876,3632690.0,743896.0,0.205
06412,Frankfurt am Main,1156504.89983066,14.981226203193692,746878,703971.0,3861.3659217877093,1689,15.630730145501284,19009879.0,4281916.0,0.205
06413,Offenbach am Main,196123.861732106,10.284908645417175,126658,67341.0,2956.003512880562,1660,13.481437609048744,2198277.0,360745.0,0.205
06414,Wiesbaden,431482.405904864,12.43041011534507,278654,186289.0,3549.1857476635514,1672,15.01572364295478,6659048.0,1368536.0,0.205
06431,Bergstraße,416192.988649398,11.28746326935629,268780,109875.0,3512.8949579831933,1623,15.895511457382565,5978205.0,1094052.0,0.205
06432,Darmstadt-Dieburg,458416.183881528,11.202134059463672,296048,111183.0,3530.9170905391657,1608,16.079233762179424,6815183.0,1259346.0,0.205
06433,Groß-Gerau,420254.578831805,11.421736936659842,271403,126511.0,3490.4453219927095,1669,15.68660815124755,5547009.0,942646.0,0.205
06434,Hochtaunuskreis,365426.982499869,11.584549889806967,235995,126500.0,4080.9585152838426,1671,15.19616090853078,7812576.0,2160008.0,0.205
06435,Main-Kinzig-Kreis,647575.107512045,11.112328134795211,418208,186207.0,3362.0939479239973,1634,15.308052741332315,8832092.0,1545752.0,0.205
06436,Main-Taunus-Kreis,366935.17496562,12.924807825279032,236969,126617.0,4125.5,1680,17.022988296741588,6930785.0,1506199.0,0.205
06437,Odenwaldkreis,149575.839439564,10.65190950560094,96597,39890.0,3159.7182890855456,1623,14.956319070624703,1748926.0,270739.0,0.205
06438,Offenbach,544578.259409495,11.202753477367832,351692,167630.0,3472.9324324324325,1656,15.212144451920143,8078767.0,1539265.0,0.205
06439,Rheingau-Taunus-Kreis,288944.281821397,11.352388947895648,186602,67727.0,3649.960043196544,1607,16.44040586828496,4471115.0,857574.0,0.205
06440,Wetteraukreis,472761.04528062,10.900960887318831,305312,122779.0,3441.735632183908,1631,15.463640733796963,6826434.0,1258313.0,0.205
06531,Gießen,413523.457015975,11.991496617222545,267056,138219.0,3308.1791808873722,1596,15.54214854154263,4983520.0,847961.0,0.205
06532,Lahn-Dill-Kreis,393560.810949794,11.63241235475543,254164,127844.0,3302.840637450199,1623,15.35452091729138,4911136.0,816420.0,0.205
06533,Limburg-Weilburg,266288.877338439,11.155292606863824,171971,77060.0,3275.962962962963,1615,15.243905029125123,3383057.0,570887.0,0.205
06534,Marburg-Biedenkopf,381174.74161351,12.30868783420744,246165,128364.0,3390.1039603960394,1596,15.912475637917366,4641985.0,792500.0,0.205
06535,Vogelsbergkreis,164834.287650558,10.784733089085993,106451,46843.0,3060.3536036036035,1608,14.786904661225433,1835463.0,270811.0,0.205
06611,Kassel,310830.105549243,13.461171569433535,200736,153540.0,3246.1349206349205,1612,15.078696480060175,3618184.0,618728.0,0.205
06631,Fulda,343420.379498584,11.187428820908874,221783,127407.0,3055.682926829268,1640,14.174016623573783,4248413.0,684255.0,0.205
06632,Hersfeld-Rotenburg,187519.112725764,10.70876819449414,121101,63145.0,2982.5273631840796,1642,14.049640278969902,2101669.0,316146.0,0.205
06633,Kassel,366478.381559668,11.34303340285174,236674,98242.0,3381.0803571428573,1625,15.912817188046384,4537874.0,715491.0,0.205
06634,Schwalm-Eder-Kreis,279888.933217997,11.217514931744564,180754,78748.0,3234.7975206611573,1613,15.451829655899312,3322595.0,508107.0,0.205
06635,Waldeck-Frankenberg,243503.402868702,11.364281873855516,157256,85887.0,3131.1170886075947,1646,14.690063601103816,2837872.0,429835.0,0.205
06636,Werra-Meißner-Kreis,156550.068254494,10.390390619681604,101101,42596.0,2955.4373040752353,1603,14.410904675770233,1591873.0,228655.0,0.205
07111,Koblenz,176281.994939363,13.869835411940675,113844,107650.0,3169.2176165803107,1646,14.248059269106902,2291163.0,408585.0,0.205
07131,Ahrweiler,199617.169948465,10.694332455347045,128914,53785.0,3147.125475285171,1602,14.870686399425134,2598914.0,426717.0,0.205
07132,Altenkirchen (Westerwald),199426.710324967,11.020309188307992,128791,55932.0,3130.0053003533567,1591,15.088790682690943,2302565.0,358870.0,0.205
07133,Bad Kreuznach,243957.099370206,11.110387511042862,157549,73823.0,3200.305598755832,1614,14.966105097288176,2982924.0,495213.0,0.205
07134,Birkenfeld,125003.451103834,10.404316156840624,80728,38730.0,2917.59726443769,1621,13.940208537503192,1342409.0,200791.0,0.205
07135,Cochem-Zell,95480.6610093727,10.91484430854923,61662,31247.0,3002.1964285714284,1613,14.32561958784332,1121188.0,172217.0,0.205
07137,Mayen-Koblenz,330678.16615088,11.021913303852369,213554,98366.0,3187.925328554361,1613,14.923047690093968,4225636.0,700526.0,0.205
07138,Neuwied,281284.088671428,10.758936226077664,181655,83876.0,3154.5510948905107,1622,14.597795505828836,3564796.0,604274.0,0.205
07140,Rhein-Hunsrück-Kreis,159394.57498918,11.341722241955566,102938,55874.0,3123.1681127982647,1632,14.626826127474146,2016219.0,318698.0,0.205
07141,Rhein-Lahn-Kreis,189501.131571925,10.67711027262923,122381,49809.0,3129.1779324055665,1598,14.935537552111871,2300499.0,366692.0,0.205
07143,Westerwaldkreis,311299.286572983,10.99627746455485,201039,100223.0,3094.71373200443,1605,14.474707732336737,4110297.0,696365.0,0.205
07211,Trier,170349.874470892,12.101703625353053,110013,80111.0,2942.8015873015875,1590,13.747129238386329,1738751.0,306079.0,0.205
07231,Bernkastel-Wittlich,173634.14163707,10.527586586220481,112134,58145.0,2941.957528957529,1636,13.811540611469484,2014197.0,312118.0,0.205
07232,Eifelkreis Bitburg-Prüm,152078.138232842,10.081264506246102,98213,42215.0,3049.6615853658536,1636,14.046475160377355,1485587.0,248183.0,0.205
07233,Vulkaneifel,93998.7922314224,10.971076653721282,60705,30841.0,3034.003401360544,1624,14.43771193960287,1075046.0,162330.0,0.205
07235,Trier-Saarburg,229994.705670334,10.288741618699843,148532,49354.0,3144.7516268980476,1576,15.093945658248815,2397167.0,394660.0,0.205
07311,Frankenthal (Pfalz),74971.4113082741,11.463168900999936,48417,22758.0,3360.4137931034484,1635,15.530037495518293,885279.0,146359.0,0.205
07312,Kaiserslautern,154355.911453704,12.9763226250764,99684,71770.0,3164.0220125786163,1599,14.853491522064322,1671609.0,283268.0,0.205
07313,Landau in der Pfalz,71680.9503332017,13.021606417552118,46292,32607.0,3236.990683229814,1587,14.984583835271266,951715.0,173966.0,0.205
07314,Ludwigshafen am Rhein,260909.55431378,13.37096561050564,168497,125390.0,3331.943298969072,1649,15.336682201658615,2878506.0,467704.0,0.205
07315,Mainz,333087.557810745,14.454609295482397,215110,157135.0,3709.375,1612,16.51336160392505,4908692.0,966895.0,0.205
07316,Neustadt an der Weinstraße,82614.5714837836,11.156126467391465,53353,28191.0,3204.522988505747,1613,14.434984109409383,1219141.0,231041.0,0.205
07317,Pirmasens,62916.7107478322,10.957199062134256,40632,27158.0,2754.514598540146,1629,13.05456695247441,573290.0,86931.0,0.205
07318,Speyer,78864.2201983128,13.705166818076409,50931,39671.0,3421.9285714285716,1620,15.269911658220533,1137122.0,218987.0,0.205
07319,Worms,128646.959185879,11.346854933829901,83081,44863.0,3177.7163120567375,1634,14.669492311843609,1510854.0,251414.0,0.205
07320,Zweibrücken,53065.4577015212,11.998537578303619,34270,22059.0,3160.0132743362833,1650,14.608563985949802,595374.0,94870.0,0.205
07331,Alzey-Worms,199005.531320158,10.761395020800766,128519,46127.0,3393.627962085308,1613,15.66077737240794,2760479.0,482254.0,0.205
07332,Bad Dürkheim,205539.999703596,11.37478377628225,132739,48480.0,3587.793956043956,1595,16.382689849039252,3141807.0,590886.0,0.205
07333,Donnersbergkreis,116291.858894066,11.35291447301094,75102,31060.0,3393.2547770700635,1622,15.928526199955634,1408237.0,226028.0,0.205
07334,Germersheim,198940.496326768,11.6656105002395,128477,59096.0,3493.7022471910113,1639,15.933782489831176,2737191.0,471022.0,0.205
07335,Kaiserslautern,163592.42896726,10.627030213918923,105649,34944.0,3302.909638554217,1603,15.742192855850801,1967988.0,311573.0,0.205
07336,Kusel,109574.673148248,10.934817358917256,70764,20291.0,3315.228096676737,1561,16.531217920903547,1201536.0,175840.0,0.205
07337,Südliche Weinstraße,171292.881875042,10.93529995511052,110622,45452.0,3355.4426934097423,1625,15.386677551369436,2376057.0,413517.0,0.205
07338,Rhein-Pfalz-Kreis,237887.166653837,11.84211380490026,153629,44846.0,3824.976439790576,1569,17.87614756625067,3671635.0,675345.0,0.205
07339,Mainz-Bingen,324842.049720269,11.580747420154577,209785,79772.0,3692.8442906574396,1616,16.608453372609958,5212426.0,986925.0,0.205
07340,Südwestpfalz,147836.927592502,9.95158144908824,95474,23942.0,3234.1391437308866,1590,15.619716175187756,1758041.0,272625.0,0.205
08111,Stuttgart,979772.305294241,15.244220915635996,632743,529705.0,4013.875,1673,16.729988348725428,16336873.0,3494553.0,0.205
08115,Böblingen,603196.466784715,14.038650843741678,389548,230020.0,4056.4145673603507,1651,17.669931460071485,10140271.0,1984254.0,0.205
08116,Esslingen,824468.741079716,12.868722199981745,532447,286686.0,3802.2407161803712,1646,16.718357692587073,13347555.0,2561150.0,0.205
08117,Göppingen,396937.985249386,11.667670184932376,256345,121653.0,3506.293991416309,1643,15.799214708187586,5592668.0,995826.0,0.205
08118,Ludwigsburg,840236.630072264,12.480910642958012,542630,263879.0,3862.2003916449084,1651,16.810411645187994,13993538.0,2745000.0,0.205
08119,Rems-Murr-Kreis,657903.283843214,12.28998154974386,424878,204568.0,3682.4097502014506,1632,16.505765762849155,10296829.0,1909068.0,0.205
08121,Heilbronn,193731.503046701,12.461886705468727,125113,97302.0,3319.6176470588234,1646,14.010653360812537,4323075.0,934128.0,0.205
08125,Heilbronn,527669.161128182,11.862446783806629,340772,176746.0,3591.771262309758,1666,15.713062321203985,8245757.0,1547237.0,0.205
08126,Hohenlohekreis,172485.190087186,12.177436958352764,111392,70806.0,3482.7936660268715,1684,15.06470938035221,2647325.0,497678.0,0.205
08127,Schwäbisch Hall,300714.067172703,11.698098903700389,194203,110351.0,3312.7072599531616,1654,14.947401898770247,4260796.0,737444.0,0.205
08128,Main-Tauber-Kreis,204688.350980636,11.772947714197093,132189,77282.0,3205.133956386293,1642,14.829709790888264,2676508.0,433303.0,0.205
08135,Heidenheim,204404.984223724,11.995949345972958,132006,67404.0,3442.815573770492,1635,15.815348763174159,2694806.0,455705.0,0.205
08136,Ostalbkreis,483770.540590157,12.83193835061003,312422,171302.0,3659.7897460018817,1638,16.52162594309501,7076652.0,1265229.0,0.205
08211,Baden-Baden,84728.2087689477,12.992697646748427,54718,42102.0,3386.5778443113772,1620,14.553660796503419,1393082.0,299295.0,0.205
08212,Karlsruhe,482991.669121704,14.221062692521446,311919,239915.0,3691.214285714286,1651,16.091736698493463,6810166.0,1329410.0,0.205
08215,Karlsruhe,685457.991161526,11.864740400604811,442673,211975.0,3496.677370030581,1624,15.921994202318693,10112195.0,1807702.0,0.205
08216,Rastatt,356478.477099895,12.200925664236873,230216,117817.0,3570.2856315179606,1651,16.15642808510019,5099173.0,879104.0,0.205
08221,Heidelberg,248682.975556522,15.100415254777023,160601,122749.0,4023.6164383561645,1608,16.898851952009554,3689012.0,856630.0,0.205
08222,Mannheim,476918.639500888,14.092471999026221,307997,240885.0,3571.980044345898,1649,15.820183895585341,6194316.0,1154534.0,0.205
08225,Neckar-Odenwald-Kreis,222010.886005641,11.349548199062903,143376,66794.0,3295.2881355932204,1632,15.405045663401097,2829794.0,450553.0,0.205
08226,Rhein-Neckar-Kreis,846608.510972227,11.754609099889844,546745,237305.0,3610.700250312891,1618,16.236004846333284,12797447.0,2414924.0,0.205
08231,Pforzheim,192455.578414484,11.310260006112223,124289,76737.0,3056.450184501845,1635,13.926771939657169,2324286.0,404831.0,0.205
08235,Calw,243763.542842261,11.160808574251476,157424,66294.0,3425.1428571428573,1636,15.645979387106536,3455555.0,595158.0,0.205
08236,Enzkreis,307164.919136068,11.166623888061588,198369,84029.0,3533.21484375,1650,15.69752646606987,4678788.0,861406.0,0.205
08237,Freudenstadt,181875.004370875,11.92997315885457,117456,63084.0,3422.195095948827,1645,15.507341205137967,2630331.0,457205.0,0.205
08311,Freiburg im Breisgau,355580.374810229,13.885723324631478,229636,175047.0,3397.3118195956454,1590,15.468633788568825,4776020.0,915569.0,0.205
08315,Breisgau-Hochschwarzwald,406321.605724181,10.85149557172938,262405,119892.0,3244.9209039548023,1624,14.781715738858917,5917330.0,1056307.0,0.205
08316,Emmendingen,255048.662647592,11.235272677893327,164712,75202.0,3276.628818061089,1612,15.249326832687036,3549876.0,602829.0,0.205
08317,Ortenaukreis,659535.35248685,11.751030236746708,425932,244741.0,3264.7441860465115,1642,14.896403112757254,9006574.0,1537023.0,0.205
08325,Rottweil,215014.978859581,12.157880870379678,138858,77722.0,3425.085406301824,1637,15.53414058419323,3138310.0,553270.0,0.205
08326,Schwarzwald-Baar-Kreis,327043.948782177,11.582012425747534,211207,120287.0,3285.8125,1653,14.782060600148597,4553497.0,798213.0,0.205
08327,Tuttlingen,215849.594608082,12.414974798796848,139397,87622.0,3385.5077279752704,1637,15.191961619356427,3245208.0,593388.0,0.205
08335,Konstanz,439783.658275388,11.602955042284549,284015,146686.0,3311.9497950819673,1604,15.087728897713781,6473873.0,1204631.0,0.205
08336,Lörrach,353533.320970678,10.879098338018778,228314,108865.0,3281.6103351955308,1617,14.586664159200277,5786612.0,1134408.0,0.205
08337,Waldshut,263543.471546061,10.476527223851276,170198,78853.0,3096.980582524272,1615,14.167622361297962,3810498.0,683327.0,0.205
08415,Reutlingen,442476.416692165,12.434888316888479,285754,156706.0,3555.313508064516,1634,15.9888777773397,6521553.0,1191059.0,0.205
08416,Tübingen,349570.831730579,13.299458853651558,225755,115018.0,3744.515748031496,1577,17.22577613367548,5171834.0,984966.0,0.205
08417,Zollernalbkreis,291372.254907944,11.219641915241814,188170,93682.0,3295.279005524862,1638,14.93223473363252,4119558.0,726952.0,0.205
08421,Ulm,194479.405470682,15.511390395019713,125596,125312.0,3591.9893617021276,1636,15.46853225442648,3260177.0,677773.0,0.205
08425,Alb-Donau-Kreis,301373.707819941,11.078094166985965,194629,80091.0,3494.4622641509436,1656,15.73700993362238,4400887.0,763681.0,0.205
08426,Biberach,307003.880104818,12.834173920904059,198265,113520.0,3637.8891001267425,1653,16.34846844367021,4623104.0,813478.0,0.205
08435,Bodenseekreis,332383.012049024,12.914285021827915,214655,124002.0,3700.6445086705203,1645,16.3548824460595,5376865.0,1017112.0,0.205
08436,Ravensburg,438620.770655492,12.049665240476367,283264,164090.0,3366.591720779221,1638,15.210083156264742,6332527.0,1129091.0,0.205
08437,Sigmaringen,201596.09189018,11.553471770114527,130192,69477.0,3282.004424778761,1649,15.071032718183535,2673439.0,438390.0,0.205
09161,Ingolstadt,209418.872523622,16.569130311355337,135244,126548.0,4034.346153846154,1665,17.213470297927635,3520027.0,714534.0,0.205
09162,München,2254606.82714518,14.009316596179437,1456039,1104722.0,4005.1843631496768,1676,16.07614163205528,48004378.0,11252289.0,0.205
09163,Rosenheim,97676.3662623858,12.76299198686332,63080,50139.0,3121.405923344948,1626,14.121059831411596,1394230.0,253758.0,0.205
09171,Altötting,170853.12144355,12.116740258968203,110338,62547.0,3335.1796657381615,1626,15.356633451011902,2379753.0,407172.0,0.205
09172,Berchtesgadener Land,162668.002989793,10.220210742059782,105052,54780.0,2942.445107398568,1653,13.456086131266543,2044295.0,337423.0,0.205
09173,Bad Tölz-Wolfratshausen,195990.69484088,10.296649218004186,126572,56230.0,3344.55737704918,1655,14.290648564348977,3242498.0,667010.0,0.205
09174,Dachau,236453.299894818,11.423870897546786,152703,61407.0,3724.491507430998,1648,16.294479802212926,4061956.0,788722.0,0.205
09175,Ebersberg,218022.073077741,11.119562657228197,140800,58603.0,3750.260191846523,1666,15.794532859518602,4159091.0,874623.0,0.205
09176,Eichstätt,203847.541423241,12.792981393761142,131646,57391.0,4024.276758409786,1646,17.80610150287305,3335375.0,627326.0,0.205
09177,Erding,211958.334170267,10.806569726451926,136884,59757.0,3481.2760141093477,1673,15.167117925994077,3528994.0,662017.0,0.205
09178,Freising,275619.850437633,12.11901009023376,177997,109899.0,3459.2307152875173,1666,15.072743594322171,4566065.0,867863.0,0.205
09179,Fürstenfeldbruck,337300.896311061,11.059860933192926,217831,77744.0,3687.1427432216906,1634,16.227792407056526,5742496.0,1123838.0,0.205
09180,Garmisch-Partenkirchen,136503.805768241,10.011053482485064,88155,44696.0,2981.5509554140126,1660,13.337196092361172,1922201.0,338695.0,0.205
09181,Landsberg am Lech,184484.146367579,11.278431048498499,119141,55173.0,3557.7289156626507,1640,15.37707943482852,3071336.0,627488.0,0.205
09182,Miesbach,153589.42760304,10.05209636045322,99189,52535.0,3263.1388888888887,1678,13.271190906988842,2856274.0,646368.0,0.205
09183,Mühldorf a. Inn,177276.101266891,10.876663249437673,114486,56127.0,3223.9561752988047,1652,14.6155050180843,2448640.0,418475.0,0.205
09184,München,536434.949165775,14.277472741367113,346433,287904.0,4087.441251596424,1701,15.865863139915794,11750622.0,2876334.0,0.205
09185,Neuburg-Schrobenhausen,148905.359626761,11.37488510391152,96164,45411.0,3434.9429347826085,1654,15.482167594604435,2171783.0,377347.0,0.205
09186,Pfaffenhofen a.d. Ilm,195482.802511551,11.46878902313545,126244,57359.0,3603.2976190476193,1658,15.822303433318355,3267009.0,615183.0,0.205
09187,Rosenheim,401744.380951327,10.582591611764036,259449,121253.0,3277.6204188481674,1653,14.44698412807138,6166883.0,1158327.0,0.205
09188,Starnberg,209884.956642915,11.438084986031612,135545,70102.0,3873.844370860927,1651,15.092178552979519,5097969.0,1320306.0,0.205
09189,Traunstein,272976.64249201,11.175229351721452,176290,94919.0,3224.077524893314,1654,14.555891902945326,3888020.0,671529.0,0.205
09190,Weilheim-Schongau,207882.807917847,12.234417235381487,134252,71615.0,3479.280241935484,1622,15.823521188637729,3152855.0,568370.0,0.205
09261,Landshut,110238.959152156,13.477908737517717,71193,57004.0,3252.9659863945576,1590,14.69401168911355,1766278.0,347043.0,0.205
09262,Passau,80180.4045883417,14.733237816951908,51781,53770.0,3045.8125,1597,14.220974506412812,1003504.0,174239.0,0.205
09263,Straubing,73684.6475104928,12.193665428683474,47586,40729.0,2910.759433962264,1625,13.043141595039666,1013961.0,190824.0,0.205
09271,Deggendorf,183864.765478154,11.349087336800753,118741,69510.0,3144.1703096539163,1651,14.33051639624669,2491354.0,418353.0,0.205
09272,Freyung-Grafenau,121313.489455083,10.583313145992902,78345,37355.0,2982.125683060109,1631,14.25406600726694,1391680.0,202268.0,0.205
09273,Kelheim,187546.984865788,10.835836707427607,121119,54947.0,3280.6038062283737,1646,14.898256790771688,2686217.0,462252.0,0.205
09274,Landshut,243477.079180902,10.53706372666931,157239,66552.0,3338.4457364341083,1669,14.907634388462643,3615843.0,628909.0,0.205
09275,Passau,294986.342397742,10.153643794770339,190504,87976.0,2993.779220779221,1653,13.913946477462535,3645064.0,564221.0,0.205
09276,Regen,119988.014351712,11.096631855320974,77489,39984.0,3069.988188976378,1636,14.582441869289582,1394197.0,205528.0,0.205
09277,Rottal-Inn,186388.742602562,10.107876495666849,120371,57783.0,2987.29060665362,1661,13.716068630529135,2397340.0,382288.0,0.205
09278,Straubing-Bogen,154594.373096133,10.108362085538978,99838,40367.0,3192.051724137931,1666,14.479756990573948,2118469.0,350025.0,0.205
09279,Dingolfing-Landau,148389.725036314,12.508689359339629,95831,67518.0,3254.8768545994067,1654,14.70483458949962,2195752.0,378325.0,0.205
09361,Amberg,65419.0095411109,13.6586741996332,42248,36620.0,3150.3711340206187,1629,14.543677142359146,847861.0,142704.0,0.205
09362,Regensburg,233652.149822391,16.21583939035007,150894,158414.0,3514.7086330935253,1613,15.644305948534726,3627257.0,713476.0,0.205
09363,Weiden i.d. OPf.,65875.8029470621,13.46963518253048,42543,41705.0,2881.041237113402,1596,13.37856355097804,842972.0,149538.0,0.205
09371,Amberg-Sulzbach,159236.632862376,10.543945341403244,102836,40759.0,3275.447257383966,1656,15.140802575352135,2041275.0,320670.0,0.205
09372,Cham,197178.357696353,11.168876296323017,127339,74101.0,3028.8884297520663,1649,14.124791715556894,2407670.0,371207.0,0.205
09373,Neumarkt i.d. OPf.,205392.896742357,11.341817153168874,132644,67290.0,3305.34496124031,1650,15.058466414508114,2905406.0,489789.0,0.205
09374,Neustadt a.d. Waldnaab,146307.056795621,9.944801693646454,94486,41164.0,3042.647435897436,1669,13.948106776873283,1830694.0,288177.0,0.205
09375,Regensburg,297612.517368905,10.646037066786494,192200,67767.0,3479.1328125,1638,15.6906047624383,4502683.0,807764.0,0.205
09376,Schwandorf,226828.120873147,11.089763222213916,146487,77645.0,3154.736694677871,1661,14.556632706822539,2896464.0,452763.0,0.205
09377,Tirschenreuth,112618.930219774,10.492578339296463,72730,35316.0,3064.4333333333334,1663,14.194244492647723,1351257.0,206866.0,0.205
09461,Bamberg,119507.994162408,15.255718013701122,77179,76898.0,3227.814814814815,1576,14.935836408407381,1645122.0,308116.0,0.205
09462,Bayreuth,114583.916091476,13.543231346031773,73999,67039.0,3079.038812785388,1611,14.043353124582582,1440627.0,263191.0,0.205
09463,Coburg,63851.9758908646,13.724136354879645,41236,42082.0,3164.6666666666665,1650,13.593142409746608,930467.0,190186.0,0.205
09464,Hof,71151.379672743,11.269570965639739,45950,34405.0,2701.4216589861753,1619,12.768762839550073,749321.0,117862.0,0.205
09471,Bamberg,226978.320738832,10.419118611604583,146584,53243.0,3258.1633165829144,1631,15.202064660952399,3061229.0,492352.0,0.205
09472,Bayreuth,160737.083067009,9.743759977004304,103805,34878.0,3145.3814655172414,1647,14.581359253339224,2076889.0,329678.0,0.205
09473,Coburg,134537.271444315,9.656101968988128,86885,37238.0,2988.9718498659518,1659,13.56613906416403,1803356.0,302099.0,0.205
09474,Forchheim,179126.50167405,11.274443895258472,115681,45116.0,3494.7890442890443,1618,16.066051038254496,2670914.0,467815.0,0.205
09475,Hof,148299.914807347,9.802791988095024,95773,50057.0,2763.751072961373,1656,12.908800705439521,1657868.0,249403.0,0.205
09476,Kronach,104480.265332724,9.787948190658717,67474,33701.0,2780.068527918782,1647,13.050624484744262,1208036.0,182051.0,0.205
09477,Kulmbach,111507.141523255,10.446563362314057,72012,37362.0,2965.9454022988507,1642,13.729042392704166,1413950.0,228513.0,0.205
09478,Lichtenfels,103400.9941329,10.217289941828223,66777,37193.0,2815.401129943503,1636,13.07349356106624,1243334.0,201330.0,0.205
09479,Wunsiedel i. Fichtelgebirge,113788.011648564,10.133159832085353,73485,39405.0,2852.4633507853405,1655,13.221704308316156,1274357.0,198456.0,0.205
09561,Ansbach,64496.132015867,13.180527600567974,41652,37372.0,2950.719298245614,1620,13.769476382506754,839709.0,138573.0,0.205
09562,Erlangen,171875.099911102,18.171161105306073,110998,108298.0,4168.833333333333,1622,18.241180443183694,2937435.0,597955.0,0.205
09563,Fürth,195919.466038596,10.805040386126018,126526,63252.0,3246.8477366255142,1648,14.407111042238522,2879604.0,534501.0,0.205
09564,Nürnberg,797764.13403214,12.898634048833568,515201,395933.0,3285.241144414169,1650,14.596049032466416,11181537.0,2058511.0,0.205
09565,Schwabach,63147.4301291432,11.103863597383436,40781,22196.0,3214.6472868217056,1636,14.324751605580772,969253.0,181722.0,0.205
09571,Ansbach,283763.160681353,10.207230687613682,183256,83450.0,3055.4409237379164,1654,14.053747397659812,3755939.0,604798.0,0.205
09572,Erlangen-Höchstadt,209558.233223743,12.699785293749406,135334,66644.0,3904.969273743017,1646,17.00730321476199,3566963.0,704826.0,0.205
09573,Fürth,179919.309212514,10.346625206426074,116193,36040.0,3461.706896551724,1630,15.702529825228847,2772463.0,495858.0,0.205
09574,Nürnberger Land,262852.861854352,11.37147639787921,169752,76351.0,3422.3327702702704,1619,15.541168672347176,3993673.0,728164.0,0.205
09575,Neustadt a.d. Aisch-Bad Windsheim,154289.328008091,10.430640574558081,99641,47432.0,3052.5582329317267,1643,14.110165724071862,2041335.0,330932.0,0.205
09576,Roth,195261.373843581,10.803356916019688,126101,54820.0,3315.385496183206,1645,15.044729475007406,2826310.0,488771.0,0.205
09577,Weißenburg-Gunzenhausen,145876.58707747,10.914399301648539,94208,45790.0,3123.4245283018868,1637,14.636680139052645,1842558.0,286956.0,0.205
09661,Aschaffenburg,108280.167089349,13.815114702735872,69928,60800.0,3306.6090225563908,1627,14.679750552584826,1614924.0,311802.0,0.205
09662,Schweinfurt,82744.6414705629,16.14847004781965,53437,65150.00000000001,3200.2524752475247,1644,14.53424254847808,973242.0,168178.0,0.205
09663,Würzburg,196088.247330964,15.094327344231242,126635,125281.0,3282.879862700229,1585,14.872448911391947,2947369.0,579518.0,0.205
09671,Aschaffenburg,269382.684881119,11.134569897066786,173969,73013.0,3427.0079365079364,1622,15.554849984392103,3911233.0,709857.0,0.205
09672,Bad Kissingen,159900.918866285,11.44789627368506,103265,54471.0,3103.97533632287,1614,14.825957315562974,1928005.0,294153.0,0.205
09673,Rhön-Grabfeld,123560.293631473,11.617928217089228,79796,42648.0,3185.8542234332426,1625,15.03057202803878,1519885.0,237279.0,0.205
09674,Haßberge,130788.468611068,12.023904554356,84464,40963.0,3267.89417989418,1589,15.890842998339142,1617337.0,244372.0,0.205
09675,Kitzingen,140024.986124624,10.688153619800191,90429,48061.0,3039.900921658986,1641,13.9260544539519,1846025.0,311122.0,0.205
09676,Miltenberg,198951.335492333,11.100439658204136,128484,60220.0,3199.8285939968405,1611,14.9371221399701,2599017.0,437434.0,0.205
09677,Main-Spessart,195914.820681925,12.12272501724548,126523,62833.0,3391.6302982731554,1609,15.998247510102008,2637078.0,428609.0,0.205
09678,Schweinfurt,178234.593193277,10.7974134316653,115105,37510.0,3471.529082774049,1627,16.177015047149816,2402573.0,392085.0,0.205
09679,Würzburg,249827.281749736,10.389281355709759,161340,58898.0,3262.643874643875,1617,15.070454938612105,3558453.0,614108.0,0.205
09761,Augsburg,453465.782122795,12.548043173707583,292851,195816.0,3203.7569631626234,1607,14.84275660802291,5711040.0,997002.0,0.205
09762,Kaufbeuren,67323.605776094,11.452994088655776,43478,25381.0,3078.5104712041884,1621,14.337540560869567,853586.0,141590.0,0.205
09763,Kempten (Allgäu),105805.740436094,12.77544898448702,68330,52151.0,3105.0171339563863,1613,14.32864349201046,1371346.0,239589.0,0.205
09764,Memmingen,67311.2181583055,13.096423605314554,43470,38722.0,3130.9651162790697,1645,13.83913396156458,1018125.0,192507.0,0.205
09771,Aichach-Friedberg,205318.571035626,11.117637191665098,132596,54516.0,3471.2386363636365,1629,15.66035604910063,3181593.0,580861.0,0.205
09772,Augsburg,386862.206630658,10.974045037149345,249838,106564.0,3422.090909090909,1639,15.340568360983927,5915573.0,1080914.0,0.205
09773,Dillingen a.d. Donau,147349.165142079,11.328107784500114,95159,47126.0,3320.845188284519,1642,15.122519377246116,2082658.0,357980.0,0.205
09774,Günzburg,192811.722425904,11.280998628262397,124519,68889.0,3197.835423197492,1646,14.51593322758743,2664392.0,459233.0,0.205
09775,Neu-Ulm,267179.237366988,11.578682228276925,172546,88506.0,3437.8863636363635,1644,15.285971348274813,4046095.0,751979.0,0.205
09776,Lindau (Bodensee),125653.801037731,11.148272351061456,81148,44423.0,3269.9244604316546,1658,14.4549704946737,1917205.0,353193.0,0.205
09777,Ostallgäu,215665.328793478,10.861511502429396,139278,68023.0,3290.4317406143346,1680,14.746831354459792,2990124.0,501018.0,0.205
09778,Unterallgäu,220722.573755636,10.949048929339037,142544,70532.0,3294.5336749633966,1667,14.739406235404639,3135635.0,544036.0,0.205
09779,Donau-Ries,206010.729179559,12.248617009787143,133043,81868.0,3351.6739130434785,1654,15.1942488833796,2965341.0,504570.0,0.205
09780,Oberallgäu,239341.163291763,10.498252760222238,154568,76671.0,3126.6792452830186,1661,14.093503306560635,3383436.0,578862.0,0.205
10041,Regionalverband Saarbrücken,511221.50160949,12.880504041095174,330150,211762.0,3304.5178571428573,1610,15.50371041928329,5617421.0,929875.0,0.205
10042,Merzig-Wadern,160506.363685698,11.00738115092607,103656,44988.0,3181.143203883495,1600,15.117090696933765,1643789.0,265287.0,0.205
10043,Neunkirchen,206404.036044344,11.404358897063606,133297,55695.0,3265.638592750533,1593,15.80590702662992,2252107.0,343404.0,0.205
10044,Saarlouis,303210.172157087,12.276534128214958,195815,97749.0,3403.4905913978496,1610,16.17853497200304,3574475.0,562040.0,0.205
10045,Saarpfalz-Kreis,222051.145763453,12.954433691364207,143402,84709.0,3515.1123260437375,1624,16.161863894368103,2894485.0,500055.0,0.205
10046,St. Wendel,136057.851527854,11.860685250885384,87867,37446.0,3346.0426356589146,1578,16.264817353385737,1661267.0,258809.0,0.205
11000,Berlin,5595324.3675856,10.407559381440876,3613495,1960186.0,3100.158369936554,1671,13.59528088692589,66569330.0,12271387.0,0.205
12051,Brandenburg an der Havel,111312.036543086,9.382936251381418,71886,39723.0,2658.0367647058824,1696,12.276773525365709,1006093.0,143085.0,0.205
12052,Cottbus,156449.418859962,10.379066357415955,101036,62346.0,2816.4010600706715,1681,12.974757965440139,1523540.0,228007.0,0.205
12053,Frankfurt (Oder),90177.2121436677,9.982679086497782,58237,37873.0,2635.844827586207,1688,12.255749911263768,812993.0,114591.0,0.205
12054,Potsdam,272078.540202343,10.274276770558957,175710,112679.0,3038.0203915171287,1698,12.72490050918011,3740250.0,756728.0,0.205
12060,Barnim,280059.262962589,8.267258995930371,180864,67412.0,2765.755376344086,1718,12.323223226170942,3220957.0,506013.0,0.205
12061,Dahme-Spreewald,259085.477594422,8.556589490367816,167319,77460.0,2722.773371104816,1730,12.015512119299016,3024709.0,480315.0,0.205
12062,Elbe-Elster,160195.124788762,7.379109125835064,103455,44277.0,2299.9274809160306,1731,10.619287872787313,1394999.0,179906.0,0.205
12063,Havelland,248851.756848891,7.822122969555104,160710,58099.0,2659.474358974359,1718,11.755679555948422,2912905.0,472357.0,0.205
12064,Märkisch-Oderland,298728.951422095,8.02749608669114,192921,68818.0,2723.6492718446602,1727,12.143104544808248,3334880.0,511446.0,0.205
12065,Oberhavel,325009.282560414,8.406467182590598,209893,77322.0,2847.338331160365,1715,12.557972631702508,3945700.0,649765.0,0.205
12066,Oberspreewald-Lausitz,172067.107986824,8.207909166574666,111122,50330.0,2480.4258474576272,1710,11.528910498927715,1559432.0,206884.0,0.205
12067,Oder-Spree,276161.80871588,8.420810268701969,178347,72704.0,2750.647710487445,1727,12.277114352061764,2950914.0,450454.0,0.205
12068,Ostprignitz-Ruppin,153866.600551058,7.637634578393801,99368,46609.0,2327.2206477732793,1718,10.638156396995951,1429268.0,200896.0,0.205
12069,Potsdam-Mittelmark,330151.692394869,8.740225840995652,213214,88195.0,2858.4285714285716,1683,12.506470739370952,4533742.0,822261.0,0.205
12070,Prignitz,119638.064149187,7.1904400683325616,77263,34907.0,2292.3023255813955,1740,10.208540194514661,1085303.0,161989.0,0.205
12071,Spree-Neiße,178778.099923748,7.929240296134938,115456,45582.0,2520.7302631578946,1709,11.597803665565994,1740131.0,243175.0,0.205
12072,Teltow-Fläming,258421.191590513,8.244228415437108,166890,76666.0,2640.836463223787,1747,11.670989289775134,2897415.0,439262.0,0.205
12073,Uckermark,186354.676653644,7.834266181401547,120349,51828.0,2419.0550935550937,1702,11.146063729343231,1610541.0,227871.0,0.205
13003,Rostock,322711.379460646,9.280960718653034,208409,116386.0,2672.568298969072,1697,12.101603180575113,3209810.0,496410.0,0.205
13004,Schwerin,148337.077660713,10.191239975292447,95797,65866.0,2723.8870967741937,1698,12.275908715159698,1543467.0,242777.0,0.205
13071,Mecklenburgische Seenplatte,403486.389702836,7.846533999342391,260574,122320.0,2381.2757885763,1711,10.901157255266067,3689495.0,524915.0,0.205
13072,Rostock,332352.043004552,7.847905604929802,214635,91395.0,2486.987964989059,1704,11.21067319047743,3479906.0,539045.0,0.205
13073,Vorpommern-Rügen,348592.209925286,7.2793267145601845,225123,98602.0,2271.109645131938,1716,10.351263596531009,3227265.0,462256.0,0.205
13074,Nordwestmecklenburg,243096.159933905,8.135350004406098,156993,60778.0,2611.132183908046,1702,11.937471131070664,2443073.0,358086.0,0.205
13075,Vorpommern-Greifswald,367085.374831305,7.669913849001222,237066,107639.0,2329.0914702581367,1700,10.729578937443426,3239252.0,461188.0,0.205
13076,Ludwigslust-Parchim,329080.163456163,7.736019331642397,212522,85457.0,2457.819013524264,1714,11.274768859304338,3282450.0,458820.0,0.205
14511,Chemnitz,382243.173647768,9.712971785526898,246855,147549.0,2653.6322505800463,1680,12.285138784419575,3727202.0,547385.0,0.205
14521,Erzgebirgskreis,527051.32869098,7.749834310142082,340373,153629.0,2312.5126304228447,1702,10.868626431885783,4824862.0,619486.0,0.205
14522,Mittelsachsen,477160.198047764,7.733725515628409,308153,141739.0,2340.880859375,1713,10.821201599331648,4528748.0,611874.0,0.205
14523,Vogtlandkreis,355499.855294603,7.8685849552836435,229584,106151.0,2356.2798165137615,1707,10.970127367184316,3222940.0,427771.0,0.205
14524,Zwickau,495486.130113638,8.57652342820394,319988,158724.0,2535.9809104258443,1704,11.676482621961284,4849761.0,684717.0,0.205
14612,Dresden,853308.663743587,10.458331631605366,551072,329973.0,2962.3533459895584,1690,13.262312289013906,9668515.0,1590432.0,0.205
14625,Bautzen,468614.290225917,8.214099721999986,302634,144965.0,2423.4689807976365,1695,11.278375337555842,4574457.0,629668.0,0.205
14626,Görlitz,397312.710687488,7.712876593441714,256587,113584.0,2286.743718592965,1689,10.835603155510674,3319943.0,425166.0,0.205
14627,Meißen,376060.203919079,8.132455190727029,242862,113715.0,2511.5970677451974,1715,11.322519889866932,3938760.0,593642.0,0.205
14628,Sächsische Schweiz-Osterzgebirge,380018.047802508,7.711344447535182,245418,102025.0,2439.0941644562336,1716,11.138109335921861,3853524.0,547167.0,0.205
14713,Leipzig,901168.225069487,9.874524129838838,581980,336405.0,2810.539164490862,1684,12.661755575965108,9554895.0,1555389.0,0.205
14729,Leipzig,399513.061297172,7.834016643298533,258008,101477.0,2550.2314234556848,1710,11.474558766139682,4375626.0,673115.0,0.205
14730,Nordsachsen,306274.559107519,7.865205098176013,197794,92611.0,2395.8125,1716,10.954122766820383,3047620.0,430251.0,0.205
15001,Dessau-Roßlau,127144.960529023,8.93457923070878,82111,42180.0,2660.599337748344,1714,12.061675173023382,1205595.0,177793.0,0.205
15002,Halle (Saale),370347.963666354,9.39894863883672,239173,124017.0,2726.6312217194572,1673,12.479412352026731,3481056.0,546210.0,0.205
15003,Magdeburg,369271.789370977,9.78474058919801,238478,137961.0,2790.5212314225055,1691,12.571635904715688,3728470.0,597127.0,0.205
15081,Altmarkkreis Salzwedel,130777.629445503,8.096093137463571,84457,35799.0,2514.4563106796118,1709,11.600065099236371,1284376.0,177221.0,0.205
15082,Anhalt-Bitterfeld,249709.599380745,7.594369939352828,161264,69846.0,2369.098300970874,1724,10.864694402992631,2316913.0,315434.0,0.205
15083,Börde,267292.274379308,8.306855431888074,172619,72977.0,2666.1682027649767,1727,11.982364467405313,2897861.0,429480.0,0.205
15084,Burgenlandkreis,281768.754217403,7.804353455599466,181968,74702.0,2435.3792535675084,1707,11.280461644902138,2602715.0,354257.0,0.205
15085,Harz,334928.667504562,8.249904694970596,216299,93271.0,2580.071881606765,1716,11.78699512630239,3193454.0,452538.0,0.205
15086,Jerichower Land,140080.730404672,7.58841367097567,90465,37430.0,2472.900442477876,1728,11.01946501024287,1457562.0,223478.0,0.205
15087,Mansfeld-Südharz,213706.53673067,7.804123136447685,138013,52212.0,2455.333984375,1699,11.513421894364331,1794295.0,235223.0,0.205
15088,Saalekreis,287228.596757688,8.455263166643483,185494,84850.0,2639.371374527112,1727,11.906354976072668,3040580.0,443267.0,0.205
15089,Salzlandkreis,298447.133117406,7.956286460286497,192739,79801.0,2479.335540838852,1705,11.463941962808644,2648048.0,365525.0,0.205
15090,Stendal,175263.113376259,7.726736031820702,113186,47164.0,2421.6663066954643,1714,11.145298093062612,1587568.0,218504.0,0.205
15091,Wittenberg,196366.968731206,7.675669163503447,126815,53297.0,2406.7608695652175,1715,11.04738266721875,1875335.0,260656.0,0.205
16051,Erfurt,329801.742192343,10.021589557692485,212988,142660.0,2736.4353023909985,1702,12.215949412211385,3658488.0,592053.0,0.205
16052,Gera,146884.62947501,8.2014914730253,94859,48351.0,2423.1133651551313,1716,11.108529252791067,1376989.0,191994.0,0.205
16053,Jena,172031.493585682,11.333434562781408,111099,70555.0,3182.2042606516293,1680,14.007287685641238,1992273.0,356127.0,0.205
16054,Suhl,54452.8708938341,9.103413874181857,35166,21353.0,2493.0714285714284,1694,11.49869048562108,595110.0,85638.0,0.205
16055,Weimar,99760.5829553022,9.512211676870125,64426,34033.0,2821.894230769231,1690,12.619258612585526,1068182.0,176470.0,0.205
16056,Eisenach,66134.3944683972,10.097233513763998,42710,28500.0,2734.6040462427745,1707,12.346987759295304,664206.0,101443.0,0.205
16061,Eichsfeld,155843.974040549,8.595953127291766,100645,46399.0,2608.8053691275168,1714,12.022943318769476,1579903.0,216033.0,0.205
16062,Nordhausen,131149.257979158,8.473954701868008,84697,39589.0,2544.8029490616623,1706,11.769528263296998,1189487.0,163542.0,0.205
16063,Wartburgkreis,191642.640997113,8.44108816446205,123764,53280.0,2646.6479198767333,1722,12.090136788638127,1930104.0,269208.0,0.205
16064,Unstrut-Hainich-Kreis,160270.998947717,7.972377909156472,103504,47088.0,2409.523668639053,1704,11.160521564133662,1510055.0,207299.0,0.205
16065,Kyffhäuserkreis,117400.550686138,7.706023911470165,75818,29014.0,2450.1987951807228,1713,11.385114673327111,1022828.0,134703.0,0.205
16066,Schmalkalden-Meiningen,190385.29779158,8.359108988368629,122952,59305.0,2497.318766066838,1713,11.519668253132263,1967584.0,268616.0,0.205
16067,Gotha,209847.793789549,8.10340019408051,135521,63636.0,2498.631443298969,1731,11.331642454375839,2094206.0,294877.0,0.205
16068,Sömmerda,108433.463859481,7.680629717295471,70027,29699.0,2454.635802469136,1739,11.11278148792247,1068763.0,148477.0,0.205
16069,Hildburghausen,98981.7114868498,7.747281755740862,63923,25515.0,2495.9989154013015,1737,11.401562968410738,1002584.0,134137.0,0.205
16070,Ilm-Kreis,168518.055490416,7.958529169506384,108830,49316.0,2484.0416666666665,1726,11.236160086561254,1611530.0,232694.0,0.205
16071,Weimarer Land,127175.929573494,7.962534412849576,82131,33550.0,2552.153439153439,1717,11.56374029075425,1314567.0,192838.0,0.205
16072,Sonneberg,87272.3157722626,8.29814178661372,56361,27747.0,2499.007462686567,1738,11.453721224315943,886189.0,116254.0,0.205
16073,Saalfeld-Rudolstadt,166254.218339566,8.100259185115096,107368,47262.0,2503.4593639575974,1716,11.501078051697418,1559124.0,215233.0,0.205
16074,Saale-Holzland-Kreis,128506.050033535,7.742543590405905,82990,34436.0,2493.42656587473,1735,11.259950003041732,1306168.0,185584.0,0.205
16075,Saale-Orla-Kreis,126200.404672649,7.6841137777289985,81501,39021.0,2327.764150943396,1738,10.703227771080043,1175644.0,151712.0,0.205
16076,Greiz,153722.594494267,7.30309633810907,99275,39282.0,2341.4474671669795,1730,10.749516699416152,1456228.0,193875.0,0.205
16077,Altenburger Land,140367.194066032,7.410132842238809,90650,35727.0,2322.9789915966385,1708,10.840236816260585,1257824.0,164521.0,0.205
